{"Id":1,"Name":"新节目1","Pages":[{"Id":1,"Name":"页面1","IsHasValidity":false,"ValidStartDate":null,"ValidEndDate":null,"PlayCount":2,"Effect":"向上平移","Schedulers":[{"Id":1,"StartTime":"00:10:00","EndTime":"10:10:60","ScheduleDays":[1,3,5]},{"Id":2,"StartTime":"11:10:00","EndTime":"23:10:00","ScheduleDays":[2,4,6]}],"MixedMedias":[{"Id":1,"Name":"第一个媒体","Order":1,"Type":"Image","Components":[{"Type":"Image","Source":"新节目1\\页面1\\第一个媒体\\image.png","Timeline":10,"Left":20,"Top":20,"Width":300,"Height":300,"Id":1,"Name":"一张图片","Order":1},{"Type":"Text","Source":"这是一张图片","Background":"#30479C","Timeline":10,"PlayMode":"滚动","Direction":"向左扩展","Left":350,"Top":20,"Width":100,"Height":30,"Id":1,"Name":"标签","Order":2}]},{"Id":2,"Name":"第二个媒体","Order":2,"Type":"Video","Components":[{"Type":"Video","Source":"新节目1\\页面1\\第二个媒体\\video.mp4","Timeline":10,"PlayMode":"铺满窗口","Left":20,"Top":350,"Width":300,"Height":300,"Id":3,"Name":"一个视频","Order":1},{"Type":"Text","Source":"这是一个视频","Background":"#30479C","Timeline":10,"PlayMode":"滚动","Direction":"向左扩展","Left":350,"Top":350,"Width":100,"Height":30,"Id":4,"Name":"标签1","Order":2}]}]},{"Id":2,"Name":"页面2","IsHasValidity":false,"ValidStartDate":null,"ValidEndDate":null,"PlayCount":1,"Effect":"向上平移","Schedulers":[{"Id":1,"StartTime":"00:10:00","EndTime":"10:10:60","ScheduleDays":[1,3,5]},{"Id":2,"StartTime":"11:10:00","EndTime":"23:10:00","ScheduleDays":[2,4,6]}],"MixedMedias":[{"Id":1,"Name":"第一个媒体","Order":1,"Type":"Image","Components":[{"Type":"Image","Source":"新节目1\\页面2\\第一个媒体\\image.png","Timeline":10,"Left":20,"Top":20,"Width":300,"Height":300,"Id":1,"Name":"一张图片","Order":1},{"Type":"Text","Source":"这是一张图片","Background":"#30479C","Timeline":10,"PlayMode":"滚动","Direction":"向左扩展","Left":350,"Top":20,"Width":100,"Height":30,"Id":1,"Name":"标签","Order":2}]},{"Id":2,"Name":"第二个媒体","Order":2,"Type":"Video","Components":[{"Type":"Video","Source":"新节目1\\页面2\\第二个媒体\\video.mp4","Timeline":10,"PlayMode":"铺满窗口","Left":20,"Top":350,"Width":300,"Height":300,"Id":3,"Name":"一个视频","Order":1},{"Type":"Text","Source":"这是一个视频","Background":"#30479C","Timeline":10,"PlayMode":"滚动","Direction":"向左扩展","Left":350,"Top":350,"Width":100,"Height":30,"Id":4,"Name":"标签1","Order":2}]}]}]}